
{
	"allowSleep" : true,
	"autoClearForces" : true,
	"body" : 
	[
		
		{
			"angle" : 0,
			"angularVelocity" : 0,
			"awake" : true,
			"customProperties" : 
			[
				
				{
					"name" : "script",
					"string" : "map/grassTest.js"
				}
			],
			"fixture" : 
			[
				
				{
					"chain" : 
					{
						"vertices" : 
						{
							"x" : 
							[
								-10.86140537261963,
								-4.719911098480225,
								-4.137467384338379,
								-3.536345958709717,
								-2.074398994445801,
								-0.8817083835601807,
								0.01340295374393463,
								3.495827198028564
							],
							"y" : 
							[
								-0.9454061985015869,
								0.7180058956146240,
								-0.05385494232177734,
								-0.2438672482967377,
								-0.1428117156028748,
								-0.2119793891906738,
								-0.5049175024032593,
								-0.1632523536682129
							]
						}
					},
					"density" : 1,
					"friction" : 0.2,
					"name" : "fixture7"
				}
			],
			"linearVelocity" : 0,
			"name" : "body7",
			"position" : 
			{
				"x" : -1.046598434448242,
				"y" : -2.567661046981812
			},
			"type" : 0
		},
		
		{
			"angle" : 0,
			"angularVelocity" : 0,
			"awake" : true,
			"fixture" : 
			[
				
				{
					"circle" : 
					{
						"center" : 0,
						"radius" : 0.5
					},
					"density" : 1,
					"friction" : 0.2,
					"name" : "fixture6"
				}
			],
			"linearVelocity" : 0,
			"massData-I" : 0.09817477315664291,
			"massData-mass" : 0.7853981852531433,
			"name" : "body6",
			"position" : 
			{
				"x" : -23.96438217163086,
				"y" : 2.825648069381714
			},
			"type" : 2
		},
		
		{
			"angle" : 0,
			"angularVelocity" : 0,
			"awake" : true,
			"fixture" : 
			[
				
				{
					"density" : 1,
					"friction" : 0.2,
					"name" : "fixture5",
					"polygon" : 
					{
						"vertices" : 
						{
							"x" : 
							[
								1.325004577636719,
								1.325004577636719,
								-1.325000762939453,
								-1.325000762939453
							],
							"y" : [ -0.5, 0.5, 0.5, -0.5 ]
						}
					}
				}
			],
			"linearVelocity" : 0,
			"massData-I" : 1.771645069122314,
			"massData-center" : 
			{
				"x" : 1.907348632812500e-06,
				"y" : 0
			},
			"massData-mass" : 2.650005340576172,
			"name" : "body5",
			"position" : 
			{
				"x" : -22.13597297668457,
				"y" : 2.828834533691406
			},
			"type" : 2
		},
		
		{
			"angle" : 0,
			"angularVelocity" : 0,
			"awake" : true,
			"fixture" : 
			[
				
				{
					"density" : 1,
					"friction" : 0.2,
					"name" : "fixture5",
					"polygon" : 
					{
						"vertices" : 
						{
							"x" : 
							[
								1.325004577636719,
								1.325004577636719,
								-1.325000762939453,
								-1.325000762939453
							],
							"y" : [ -0.5, 0.5, 0.5, -0.5 ]
						}
					}
				}
			],
			"linearVelocity" : 0,
			"massData-I" : 1.771645069122314,
			"massData-center" : 
			{
				"x" : 1.907348632812500e-06,
				"y" : 0
			},
			"massData-mass" : 2.650005340576172,
			"name" : "body5",
			"position" : 
			{
				"x" : -19.40104675292969,
				"y" : 2.828834533691406
			},
			"type" : 2
		},
		
		{
			"angle" : 0,
			"angularVelocity" : 0,
			"awake" : true,
			"fixture" : 
			[
				
				{
					"density" : 1,
					"friction" : 0.2,
					"name" : "fixture2",
					"polygon" : 
					{
						"vertices" : 
						{
							"x" : [ 10.06635951995850, 10.04983329772949, 3.535616874694824 ],
							"y" : [ -1.921152591705322, -0.9438328742980957, 1.660101890563965 ]
						}
					}
				},
				
				{
					"density" : 1,
					"friction" : 0.2,
					"name" : "fixture2",
					"polygon" : 
					{
						"vertices" : 
						{
							"x" : [ 10.06635951995850, 3.535616874694824, 1.755880713462830 ],
							"y" : [ -1.921152591705322, 1.660101890563965, 1.384983420372009 ]
						}
					}
				},
				
				{
					"density" : 1,
					"friction" : 0.2,
					"name" : "fixture2",
					"polygon" : 
					{
						"vertices" : 
						{
							"x" : [ 10.06635951995850, 1.755880713462830, -2.207534790039062 ],
							"y" : [ -1.921152591705322, 1.384983420372009, -0.4553420543670654 ]
						}
					}
				},
				
				{
					"density" : 1,
					"friction" : 0.2,
					"name" : "fixture2",
					"polygon" : 
					{
						"vertices" : 
						{
							"x" : [ 1.755880713462830, 0.6011410951614380, -2.207534790039062 ],
							"y" : [ 1.384983420372009, 1.705782413482666, -0.4553420543670654 ]
						}
					}
				},
				
				{
					"density" : 1,
					"friction" : 0.2,
					"name" : "fixture2",
					"polygon" : 
					{
						"vertices" : 
						{
							"x" : [ 0.6011410951614380, -2.532225847244263, -2.207534790039062 ],
							"y" : [ 1.705782413482666, 0.1077532768249512, -0.4553420543670654 ]
						}
					}
				},
				
				{
					"density" : 1,
					"friction" : 0.2,
					"name" : "fixture2",
					"polygon" : 
					{
						"vertices" : 
						{
							"x" : [ 0.6011410951614380, -3.037858486175537, -2.532225847244263 ],
							"y" : [ 1.705782413482666, 6.879612922668457, 0.1077532768249512 ]
						}
					}
				}
			],
			"linearVelocity" : 0,
			"name" : "body2",
			"position" : 
			{
				"x" : -21.97721290588379,
				"y" : -2.575684070587158
			},
			"type" : 0
		},
		
		{
			"angle" : 3.511998176574707,
			"angularVelocity" : 0,
			"awake" : true,
			"customProperties" : 
			[
				
				{
					"name" : "script",
					"string" : "misc/lift.js"
				}
			],
			"fixture" : 
			[
				
				{
					"density" : 1,
					"friction" : 0.2,
					"name" : "fixture4",
					"polygon" : 
					{
						"vertices" : 
						{
							"x" : 
							[
								1.919174194335938,
								1.919174194335938,
								-1.919174194335938,
								-1.919174194335938
							],
							"y" : 
							[
								-0.1322604864835739,
								0.1322603970766068,
								0.1322607249021530,
								-0.1322601586580276
							]
						}
					}
				}
			],
			"gravityScale" : 0,
			"linearVelocity" : 0,
			"name" : "body4",
			"position" : 
			{
				"x" : -14.75036907196045,
				"y" : 0.9714717864990234
			},
			"type" : 1
		},
		
		{
			"angle" : 3.141592741012573,
			"angularVelocity" : 0,
			"awake" : true,
			"customProperties" : 
			[
				
				{
					"name" : "script",
					"string" : "misc/lift.js"
				}
			],
			"fixture" : 
			[
				
				{
					"density" : 1,
					"friction" : 0.2,
					"name" : "fixture4",
					"polygon" : 
					{
						"vertices" : 
						{
							"x" : 
							[
								1.919174194335938,
								1.919174194335938,
								-1.919174194335938,
								-1.919174194335938
							],
							"y" : 
							[
								-0.1322604864835739,
								0.1322603970766068,
								0.1322607249021530,
								-0.1322601586580276
							]
						}
					}
				}
			],
			"gravityScale" : 0,
			"linearVelocity" : 0,
			"name" : "body4",
			"position" : 
			{
				"x" : -11.20516586303711,
				"y" : -2.309466838836670
			},
			"type" : 1
		},
		
		{
			"angle" : 1.394954323768616,
			"angularVelocity" : 0,
			"awake" : true,
			"fixture" : 
			[
				
				{
					"circle" : 
					{
						"center" : 
						{
							"x" : 4.768371582031250e-07,
							"y" : 1.192092895507812e-07
						},
						"radius" : 0.3486772179603577
					},
					"density" : 1,
					"friction" : 0.2,
					"name" : "fixture3"
				}
			],
			"linearVelocity" : 0,
			"massData-I" : 0.02321743033826351,
			"massData-center" : 
			{
				"x" : 4.768371582031250e-07,
				"y" : 1.192092895507812e-07
			},
			"massData-mass" : 0.3819416463375092,
			"name" : "body3",
			"position" : 
			{
				"x" : 7.764092922210693,
				"y" : 0.4506417512893677
			},
			"type" : 2
		},
		
		{
			"angle" : 1.394954323768616,
			"angularVelocity" : 0,
			"awake" : true,
			"fixture" : 
			[
				
				{
					"circle" : 
					{
						"center" : 0,
						"radius" : 0.3251936137676239
					},
					"density" : 1,
					"friction" : 0.2,
					"name" : "fixture3"
				}
			],
			"linearVelocity" : 0,
			"massData-I" : 0.01756660826504230,
			"massData-mass" : 0.3322262167930603,
			"name" : "body3",
			"position" : 
			{
				"x" : 9.353853225708008,
				"y" : 3.046657562255859
			},